{
	"ImportPath": "github.com/git-hooks/git-hooks",
	"GoVersion": "go1.3.3",
	"Deps": [
		{
			"ImportPath": "github.com/blang/semver",
			"Comment": "v2.0.2-1-g42513fe",
			"Rev": "42513fed745c7859649fb4a533e768e532eee2df"
		},
		{
			"ImportPath": "github.com/cattail/go-exclude",
			"Rev": "7e63167c2dab55dc8f1a4107e3b01031c0e8847e"
		},
		{
			"ImportPath": "github.com/codegangsta/cli",
			"Comment": "1.2.0-62-gbf4a526",
			"Rev": "bf4a526f48af7badd25d2cb02d587e1b01be3b50"
		},
		{
			"ImportPath": "github.com/google/go-github/github",
			"Rev": "7ea4ee6d222607c11ea86e99a6f6723beeae785d"
		},
		{
			"ImportPath": "github.com/google/go-querystring/query",
			"Rev": "d8840cbb2baa915f4836edda4750050a2c0b7aea"
		},
		{
			"ImportPath": "github.com/mitchellh/go-homedir",
			"Rev": "7d2d8c8a4e078ce3c58736ab521a40b37a504c52"
		},
		{
			"ImportPath": "github.com/stretchr/testify/assert",
			"Rev": "d6577e08ec30538639ac0ea38b562b6f250e9055"
		},
		{
			"ImportPath": "github.com/wsxiaoys/terminal/color",
			"Rev": "9dcaf1d63119a8ac00eef82270eaef08b6aa2328"
		}
	]
}
